-- ===================================================================
-- Testdaten für Entwicklung - Realistisches Lager-Layout
-- ===================================================================

-- Anwendungseinstellungen (SPS deaktiviert für Entwicklung -> Simulator)
INSERT INTO MD_APPSETTING (SETTING_KEY, SETTING_VALUE, CATEGORY, DESCRIPTION) VALUES
('SPS_ENABLED', '0', 'SPS', 'SPS-Verbindung aktiviert (1=ja, 0=nein)'),
('SPS_URL', 's7://localhost:102', 'SPS', 'SPS-Verbindungs-URL'),
('SPS_TIMEOUT', '10', 'SPS', 'Timeout in Sekunden'),
('SPS_RETRY_COUNT', '3', 'SPS', 'Anzahl Wiederholungsversuche'),
-- Lager-Grenzen exakt berechnet für Testdaten:
-- X: Spalte 1 bei 3000mm, Spalte 17 bei 51000mm
-- Y: Reihe 2 bei 6000mm, Reihe 10 bei 30000mm (Formel erfordert minY=3000)
('LAGER_MIN_X', '3000', 'WAREHOUSE', 'Internes Lager min. X [mm]'),
('LAGER_MAX_X', '51000', 'WAREHOUSE', 'Internes Lager max. X [mm]'),
('LAGER_MIN_Y', '3000', 'WAREHOUSE', 'Internes Lager min. Y [mm]'),
('LAGER_MAX_Y', '30000', 'WAREHOUSE', 'Internes Lager max. Y [mm]');

-- Produkte
INSERT INTO MD_PRODUCT (ID, SERIAL, PRODUCT_NO, DESCRIPTION, MAX_PER_LOCATION) VALUES
(1, 1, '4047-001', 'Aluminium Barren Standard', 8),
(2, 1, '4047-002', 'Aluminium Barren Lang', 6),
(3, 1, '4047-003', 'Aluminium Barren Kurz', 10),
(4, 1, '5052-001', 'Magnesium-Legierung', 8),
(5, 1, '6061-001', 'Strukturlegierung', 8);

-- Kran-Status (nur 1 Eintrag)
INSERT INTO TD_CRANESTATUS (ID, SERIAL, X_POSITION, Y_POSITION, Z_POSITION, 
                             CRANE_MODE, GRIPPER_STATE, JOB_STATE, DAEMON_STATE, 
                             WORK_PHASE, INCIDENT) VALUES
(1, 1, 25000, 15000, 5000, 'AUTOMATIC', 'OPEN', 'IDLE', 'IDLE_OK', 'IDLE', 'OK');

-- ===================================================================
-- Stockyards: 17 Spalten x 10 Reihen
-- ===================================================================

-- Reihe 10 (oben)
INSERT INTO MD_STOCKYARD (ID, SERIAL, YARD_NO, X_COORDINATE, Y_COORDINATE, YARD_TYPE, YARD_USAGE, BOTTOM_CENTER_X, BOTTOM_CENTER_Y, BOTTOM_CENTER_Z, LENGTH, WIDTH, HEIGHT, MAX_INGOTS, TO_STOCK_ALLOWED, FROM_STOCK_ALLOWED) VALUES
(101, 1, 'L01-10', 1, 10, 'I', 'A', 3000, 30000, 0, 2000, 1500, 0, 8, TRUE, TRUE),
(102, 1, 'L02-10', 2, 10, 'I', 'A', 6000, 30000, 0, 2000, 1500, 0, 8, TRUE, TRUE),
(103, 1, 'L03-10', 3, 10, 'I', 'A', 9000, 30000, 0, 2000, 1500, 0, 8, TRUE, TRUE),
(104, 1, 'L04-10', 4, 10, 'I', 'A', 12000, 30000, 0, 2000, 1500, 0, 8, TRUE, TRUE),
(105, 1, 'L05-10', 5, 10, 'I', 'A', 15000, 30000, 0, 2000, 1500, 0, 8, TRUE, TRUE),
(106, 1, 'L06-10', 6, 10, 'I', 'A', 18000, 30000, 0, 2000, 1500, 0, 8, TRUE, TRUE),
(107, 1, 'L07-10', 7, 10, 'I', 'L', 21000, 30000, 0, 2500, 1500, 0, 6, TRUE, TRUE),
(108, 1, 'L08-10', 8, 10, 'I', 'L', 24000, 30000, 0, 2500, 1500, 0, 6, TRUE, TRUE),
(109, 1, 'L09-10', 9, 10, 'I', 'L', 27000, 30000, 0, 2500, 1500, 0, 6, TRUE, TRUE),
(110, 1, 'L10-10', 10, 10, 'I', 'L', 30000, 30000, 0, 2500, 1500, 0, 6, TRUE, TRUE),
(111, 1, 'L11-10', 11, 10, 'I', 'S', 33000, 30000, 0, 1800, 1500, 0, 10, TRUE, TRUE),
(112, 1, 'L12-10', 12, 10, 'I', 'S', 36000, 30000, 0, 1800, 1500, 0, 10, TRUE, TRUE),
(113, 1, 'L13-10', 13, 10, 'I', 'S', 39000, 30000, 0, 1800, 1500, 0, 10, TRUE, TRUE),
(114, 1, 'L14-10', 14, 10, 'I', 'A', 42000, 30000, 0, 2000, 1500, 0, 8, TRUE, TRUE),
(115, 1, 'L15-10', 15, 10, 'I', 'A', 45000, 30000, 0, 2000, 1500, 0, 8, TRUE, TRUE),
(116, 1, 'L16-10', 16, 10, 'E', 'A', 48000, 30000, 0, 2000, 1500, 0, 8, TRUE, TRUE),
(117, 1, 'L17-10', 17, 10, 'E', 'A', 51000, 30000, 0, 2000, 1500, 0, 8, TRUE, TRUE);

-- Reihe 9
INSERT INTO MD_STOCKYARD (ID, SERIAL, YARD_NO, X_COORDINATE, Y_COORDINATE, YARD_TYPE, YARD_USAGE, BOTTOM_CENTER_X, BOTTOM_CENTER_Y, BOTTOM_CENTER_Z, LENGTH, WIDTH, HEIGHT, MAX_INGOTS, TO_STOCK_ALLOWED, FROM_STOCK_ALLOWED) VALUES
(201, 1, 'L01-09', 1, 9, 'I', 'A', 3000, 27000, 0, 2000, 1500, 0, 8, TRUE, TRUE),
(202, 1, 'L02-09', 2, 9, 'I', 'A', 6000, 27000, 0, 2000, 1500, 0, 8, TRUE, TRUE),
(203, 1, 'L03-09', 3, 9, 'I', 'A', 9000, 27000, 0, 2000, 1500, 0, 8, TRUE, TRUE),
(204, 1, 'L04-09', 4, 9, 'I', 'A', 12000, 27000, 0, 2000, 1500, 0, 8, TRUE, TRUE),
(205, 1, 'L05-09', 5, 9, 'I', 'A', 15000, 27000, 0, 2000, 1500, 0, 8, TRUE, TRUE),
(206, 1, 'L06-09', 6, 9, 'I', 'A', 18000, 27000, 0, 2000, 1500, 0, 8, TRUE, TRUE),
(207, 1, 'L07-09', 7, 9, 'I', 'L', 21000, 27000, 0, 2500, 1500, 0, 6, TRUE, TRUE),
(208, 1, 'L08-09', 8, 9, 'I', 'L', 24000, 27000, 0, 2500, 1500, 0, 6, TRUE, TRUE),
(209, 1, 'L09-09', 9, 9, 'I', 'L', 27000, 27000, 0, 2500, 1500, 0, 6, TRUE, TRUE),
(210, 1, 'L10-09', 10, 9, 'I', 'L', 30000, 27000, 0, 2500, 1500, 0, 6, TRUE, TRUE),
(211, 1, 'L11-09', 11, 9, 'I', 'S', 33000, 27000, 0, 1800, 1500, 0, 10, TRUE, TRUE),
(212, 1, 'L12-09', 12, 9, 'I', 'S', 36000, 27000, 0, 1800, 1500, 0, 10, TRUE, TRUE),
(213, 1, 'L13-09', 13, 9, 'I', 'S', 39000, 27000, 0, 1800, 1500, 0, 10, TRUE, TRUE),
(214, 1, 'L14-09', 14, 9, 'I', 'A', 42000, 27000, 0, 2000, 1500, 0, 8, TRUE, TRUE),
(215, 1, 'L15-09', 15, 9, 'I', 'A', 45000, 27000, 0, 2000, 1500, 0, 8, TRUE, TRUE),
(216, 1, 'L16-09', 16, 9, 'E', 'A', 48000, 27000, 0, 2000, 1500, 0, 8, TRUE, TRUE),
(217, 1, 'L17-09', 17, 9, 'E', 'A', 51000, 27000, 0, 2000, 1500, 0, 8, TRUE, TRUE);

-- Reihe 8
INSERT INTO MD_STOCKYARD (ID, SERIAL, YARD_NO, X_COORDINATE, Y_COORDINATE, YARD_TYPE, YARD_USAGE, BOTTOM_CENTER_X, BOTTOM_CENTER_Y, BOTTOM_CENTER_Z, LENGTH, WIDTH, HEIGHT, MAX_INGOTS, TO_STOCK_ALLOWED, FROM_STOCK_ALLOWED) VALUES
(301, 1, 'L01-08', 1, 8, 'I', 'A', 3000, 24000, 0, 2000, 1500, 0, 8, TRUE, TRUE),
(302, 1, 'L02-08', 2, 8, 'I', 'A', 6000, 24000, 0, 2000, 1500, 0, 8, TRUE, TRUE),
(303, 1, 'L03-08', 3, 8, 'I', 'A', 9000, 24000, 0, 2000, 1500, 0, 8, TRUE, TRUE),
(304, 1, 'L04-08', 4, 8, 'I', 'A', 12000, 24000, 0, 2000, 1500, 0, 8, TRUE, TRUE),
(305, 1, 'L05-08', 5, 8, 'I', 'A', 15000, 24000, 0, 2000, 1500, 0, 8, TRUE, TRUE),
(306, 1, 'L06-08', 6, 8, 'I', 'A', 18000, 24000, 0, 2000, 1500, 0, 8, TRUE, TRUE),
(307, 1, 'L07-08', 7, 8, 'I', 'L', 21000, 24000, 0, 2500, 1500, 0, 6, TRUE, TRUE),
(308, 1, 'L08-08', 8, 8, 'I', 'L', 24000, 24000, 0, 2500, 1500, 0, 6, TRUE, TRUE),
(309, 1, 'L09-08', 9, 8, 'I', 'L', 27000, 24000, 0, 2500, 1500, 0, 6, TRUE, TRUE),
(310, 1, 'L10-08', 10, 8, 'I', 'L', 30000, 24000, 0, 2500, 1500, 0, 6, TRUE, TRUE),
(311, 1, 'L11-08', 11, 8, 'I', 'S', 33000, 24000, 0, 1800, 1500, 0, 10, TRUE, TRUE),
(312, 1, 'L12-08', 12, 8, 'I', 'S', 36000, 24000, 0, 1800, 1500, 0, 10, TRUE, TRUE),
(313, 1, 'L13-08', 13, 8, 'I', 'S', 39000, 24000, 0, 1800, 1500, 0, 10, TRUE, TRUE),
(314, 1, 'L14-08', 14, 8, 'I', 'A', 42000, 24000, 0, 2000, 1500, 0, 8, TRUE, TRUE),
(315, 1, 'L15-08', 15, 8, 'I', 'A', 45000, 24000, 0, 2000, 1500, 0, 8, TRUE, TRUE),
(316, 1, 'L16-08', 16, 8, 'E', 'A', 48000, 24000, 0, 2000, 1500, 0, 8, TRUE, TRUE),
(317, 1, 'L17-08', 17, 8, 'E', 'A', 51000, 24000, 0, 2000, 1500, 0, 8, TRUE, TRUE);

-- Reihe 7 (mit gesperrten Plätzen)
INSERT INTO MD_STOCKYARD (ID, SERIAL, YARD_NO, X_COORDINATE, Y_COORDINATE, YARD_TYPE, YARD_USAGE, BOTTOM_CENTER_X, BOTTOM_CENTER_Y, BOTTOM_CENTER_Z, LENGTH, WIDTH, HEIGHT, MAX_INGOTS, TO_STOCK_ALLOWED, FROM_STOCK_ALLOWED) VALUES
(401, 1, 'L01-07', 1, 7, 'I', 'A', 3000, 21000, 0, 2000, 1500, 0, 8, TRUE, TRUE),
(402, 1, 'L02-07', 2, 7, 'I', 'A', 6000, 21000, 0, 2000, 1500, 0, 8, TRUE, TRUE),
(403, 1, 'L03-07', 3, 7, 'I', 'A', 9000, 21000, 0, 2000, 1500, 0, 8, TRUE, TRUE),
(404, 1, 'L04-07', 4, 7, 'I', 'A', 12000, 21000, 0, 2000, 1500, 0, 8, TRUE, TRUE),
(405, 1, 'L05-07', 5, 7, 'I', 'A', 15000, 21000, 0, 2000, 1500, 0, 8, TRUE, TRUE),
(406, 1, 'L06-07', 6, 7, 'I', 'A', 18000, 21000, 0, 2000, 1500, 0, 8, TRUE, FALSE),
(407, 1, 'L07-07', 7, 7, 'I', 'L', 21000, 21000, 0, 2500, 1500, 0, 6, TRUE, TRUE),
(408, 1, 'L08-07', 8, 7, 'I', 'L', 24000, 21000, 0, 2500, 1500, 0, 6, TRUE, TRUE),
(409, 1, 'L09-07', 9, 7, 'I', 'L', 27000, 21000, 0, 2500, 1500, 0, 6, FALSE, TRUE),
(410, 1, 'L10-07', 10, 7, 'I', 'L', 30000, 21000, 0, 2500, 1500, 0, 6, TRUE, TRUE),
(411, 1, 'L11-07', 11, 7, 'I', 'S', 33000, 21000, 0, 1800, 1500, 0, 10, TRUE, TRUE),
(412, 1, 'L12-07', 12, 7, 'I', 'S', 36000, 21000, 0, 1800, 1500, 0, 10, TRUE, TRUE),
(413, 1, 'L13-07', 13, 7, 'I', 'S', 39000, 21000, 0, 1800, 1500, 0, 10, TRUE, TRUE),
(414, 1, 'L14-07', 14, 7, 'I', 'A', 42000, 21000, 0, 2000, 1500, 0, 8, FALSE, FALSE),
(415, 1, 'L15-07', 15, 7, 'I', 'A', 45000, 21000, 0, 2000, 1500, 0, 8, TRUE, TRUE),
(416, 1, 'L16-07', 16, 7, 'E', 'A', 48000, 21000, 0, 2000, 1500, 0, 8, TRUE, TRUE),
(417, 1, 'L17-07', 17, 7, 'E', 'A', 51000, 21000, 0, 2000, 1500, 0, 8, TRUE, TRUE);

-- Reihe 6
INSERT INTO MD_STOCKYARD (ID, SERIAL, YARD_NO, X_COORDINATE, Y_COORDINATE, YARD_TYPE, YARD_USAGE, BOTTOM_CENTER_X, BOTTOM_CENTER_Y, BOTTOM_CENTER_Z, LENGTH, WIDTH, HEIGHT, MAX_INGOTS, TO_STOCK_ALLOWED, FROM_STOCK_ALLOWED) VALUES
(501, 1, 'L01-06', 1, 6, 'I', 'A', 3000, 18000, 0, 2000, 1500, 0, 8, TRUE, TRUE),
(502, 1, 'L02-06', 2, 6, 'I', 'A', 6000, 18000, 0, 2000, 1500, 0, 8, TRUE, TRUE),
(503, 1, 'L03-06', 3, 6, 'I', 'A', 9000, 18000, 0, 2000, 1500, 0, 8, TRUE, TRUE),
(504, 1, 'L04-06', 4, 6, 'I', 'A', 12000, 18000, 0, 2000, 1500, 0, 8, TRUE, TRUE),
(505, 1, 'L05-06', 5, 6, 'I', 'A', 15000, 18000, 0, 2000, 1500, 0, 8, TRUE, TRUE),
(506, 1, 'L06-06', 6, 6, 'I', 'A', 18000, 18000, 0, 2000, 1500, 0, 8, TRUE, TRUE),
(507, 1, 'L07-06', 7, 6, 'I', 'L', 21000, 18000, 0, 2500, 1500, 0, 6, TRUE, TRUE),
(508, 1, 'L08-06', 8, 6, 'I', 'L', 24000, 18000, 0, 2500, 1500, 0, 6, TRUE, TRUE),
(509, 1, 'L09-06', 9, 6, 'I', 'L', 27000, 18000, 0, 2500, 1500, 0, 6, TRUE, TRUE),
(510, 1, 'L10-06', 10, 6, 'I', 'L', 30000, 18000, 0, 2500, 1500, 0, 6, TRUE, TRUE),
(511, 1, 'L11-06', 11, 6, 'I', 'S', 33000, 18000, 0, 1800, 1500, 0, 10, TRUE, TRUE),
(512, 1, 'L12-06', 12, 6, 'I', 'S', 36000, 18000, 0, 1800, 1500, 0, 10, TRUE, TRUE),
(513, 1, 'L13-06', 13, 6, 'I', 'S', 39000, 18000, 0, 1800, 1500, 0, 10, TRUE, TRUE),
(514, 1, 'L14-06', 14, 6, 'I', 'A', 42000, 18000, 0, 2000, 1500, 0, 8, TRUE, TRUE),
(515, 1, 'L15-06', 15, 6, 'I', 'A', 45000, 18000, 0, 2000, 1500, 0, 8, TRUE, TRUE),
(516, 1, 'L16-06', 16, 6, 'E', 'A', 48000, 18000, 0, 2000, 1500, 0, 8, TRUE, TRUE),
(517, 1, 'L17-06', 17, 6, 'E', 'A', 51000, 18000, 0, 2000, 1500, 0, 8, TRUE, TRUE);

-- Reihe 5 (mit Verladezone)
INSERT INTO MD_STOCKYARD (ID, SERIAL, YARD_NO, X_COORDINATE, Y_COORDINATE, YARD_TYPE, YARD_USAGE, BOTTOM_CENTER_X, BOTTOM_CENTER_Y, BOTTOM_CENTER_Z, LENGTH, WIDTH, HEIGHT, MAX_INGOTS, TO_STOCK_ALLOWED, FROM_STOCK_ALLOWED) VALUES
(601, 1, 'L01-05', 1, 5, 'I', 'A', 3000, 15000, 0, 2000, 1500, 0, 8, TRUE, TRUE),
(602, 1, 'L02-05', 2, 5, 'I', 'A', 6000, 15000, 0, 2000, 1500, 0, 8, TRUE, TRUE),
(603, 1, 'L03-05', 3, 5, 'I', 'A', 9000, 15000, 0, 2000, 1500, 0, 8, TRUE, TRUE),
(604, 1, 'L04-05', 4, 5, 'I', 'A', 12000, 15000, 0, 2000, 1500, 0, 8, TRUE, TRUE),
(605, 1, 'L05-05', 5, 5, 'I', 'A', 15000, 15000, 0, 2000, 1500, 0, 8, TRUE, TRUE),
(606, 1, 'L06-05', 6, 5, 'I', 'A', 18000, 15000, 0, 2000, 1500, 0, 8, TRUE, TRUE),
(607, 1, 'L07-05', 7, 5, 'I', 'L', 21000, 15000, 0, 2500, 1500, 0, 6, TRUE, TRUE),
(608, 1, 'L08-05', 8, 5, 'I', 'L', 24000, 15000, 0, 2500, 1500, 0, 6, TRUE, TRUE),
(609, 1, 'L09-05', 9, 5, 'I', 'L', 27000, 15000, 0, 2500, 1500, 0, 6, TRUE, TRUE),
(610, 1, 'L10-05', 10, 5, 'I', 'L', 30000, 15000, 0, 2500, 1500, 0, 6, TRUE, TRUE),
(611, 1, 'L11-05', 11, 5, 'I', 'S', 33000, 15000, 0, 1800, 1500, 0, 10, TRUE, TRUE),
(612, 1, 'L12-05', 12, 5, 'I', 'S', 36000, 15000, 0, 1800, 1500, 0, 10, TRUE, TRUE),
(613, 1, 'L13-05', 13, 5, 'I', 'S', 39000, 15000, 0, 1800, 1500, 0, 10, TRUE, TRUE),
(614, 1, 'L14-05', 14, 5, 'I', 'A', 42000, 15000, 0, 2000, 1500, 0, 8, TRUE, TRUE),
(615, 1, 'L15-05', 15, 5, 'I', 'A', 45000, 15000, 0, 2000, 1500, 0, 8, TRUE, TRUE),
(616, 1, 'V01-05', 16, 5, 'L', 'A', 48000, 15000, 0, 2000, 1500, 0, 8, TRUE, TRUE),
(617, 1, 'V02-05', 17, 5, 'L', 'A', 51000, 15000, 0, 2000, 1500, 0, 8, TRUE, TRUE);

-- Reihe 4
INSERT INTO MD_STOCKYARD (ID, SERIAL, YARD_NO, X_COORDINATE, Y_COORDINATE, YARD_TYPE, YARD_USAGE, BOTTOM_CENTER_X, BOTTOM_CENTER_Y, BOTTOM_CENTER_Z, LENGTH, WIDTH, HEIGHT, MAX_INGOTS, TO_STOCK_ALLOWED, FROM_STOCK_ALLOWED) VALUES
(701, 1, 'L01-04', 1, 4, 'I', 'A', 3000, 12000, 0, 2000, 1500, 0, 8, TRUE, TRUE),
(702, 1, 'L02-04', 2, 4, 'I', 'A', 6000, 12000, 0, 2000, 1500, 0, 8, TRUE, TRUE),
(703, 1, 'L03-04', 3, 4, 'I', 'A', 9000, 12000, 0, 2000, 1500, 0, 8, TRUE, TRUE),
(704, 1, 'L04-04', 4, 4, 'I', 'A', 12000, 12000, 0, 2000, 1500, 0, 8, TRUE, TRUE),
(705, 1, 'L05-04', 5, 4, 'I', 'A', 15000, 12000, 0, 2000, 1500, 0, 8, TRUE, TRUE),
(706, 1, 'L06-04', 6, 4, 'I', 'A', 18000, 12000, 0, 2000, 1500, 0, 8, TRUE, TRUE),
(716, 1, 'V01-04', 16, 4, 'L', 'A', 48000, 12000, 0, 2000, 1500, 0, 8, TRUE, TRUE),
(717, 1, 'V02-04', 17, 4, 'L', 'A', 51000, 12000, 0, 2000, 1500, 0, 8, TRUE, TRUE);

-- Reihe 3
INSERT INTO MD_STOCKYARD (ID, SERIAL, YARD_NO, X_COORDINATE, Y_COORDINATE, YARD_TYPE, YARD_USAGE, BOTTOM_CENTER_X, BOTTOM_CENTER_Y, BOTTOM_CENTER_Z, LENGTH, WIDTH, HEIGHT, MAX_INGOTS, TO_STOCK_ALLOWED, FROM_STOCK_ALLOWED) VALUES
(801, 1, 'L01-03', 1, 3, 'I', 'A', 3000, 9000, 0, 2000, 1500, 0, 8, TRUE, TRUE),
(802, 1, 'L02-03', 2, 3, 'I', 'A', 6000, 9000, 0, 2000, 1500, 0, 8, TRUE, TRUE),
(803, 1, 'L03-03', 3, 3, 'I', 'A', 9000, 9000, 0, 2000, 1500, 0, 8, TRUE, TRUE),
(816, 1, 'V01-03', 16, 3, 'L', 'A', 48000, 9000, 0, 2000, 1500, 0, 8, TRUE, TRUE),
(817, 1, 'V02-03', 17, 3, 'L', 'A', 51000, 9000, 0, 2000, 1500, 0, 8, TRUE, TRUE);

-- Reihe 2
INSERT INTO MD_STOCKYARD (ID, SERIAL, YARD_NO, X_COORDINATE, Y_COORDINATE, YARD_TYPE, YARD_USAGE, BOTTOM_CENTER_X, BOTTOM_CENTER_Y, BOTTOM_CENTER_Z, LENGTH, WIDTH, HEIGHT, MAX_INGOTS, TO_STOCK_ALLOWED, FROM_STOCK_ALLOWED) VALUES
(901, 1, 'L01-02', 1, 2, 'I', 'A', 3000, 6000, 0, 2000, 1500, 0, 8, TRUE, TRUE),
(902, 1, 'L02-02', 2, 2, 'I', 'A', 6000, 6000, 0, 2000, 1500, 0, 8, TRUE, TRUE),
(903, 1, 'L03-02', 3, 2, 'I', 'A', 9000, 6000, 0, 2000, 1500, 0, 8, TRUE, TRUE);

-- Säge-Position - oben rechts, an der Zaun-Öffnung
-- BOTTOM_CENTER_X: -2500 (Mitte zwischen -5000 und 0)
-- BOTTOM_CENTER_Y: 36000 (an der Zaun-Öffnung, oberhalb LAGER_MAX_Y=30000)
INSERT INTO MD_STOCKYARD (ID, SERIAL, YARD_NO, X_COORDINATE, Y_COORDINATE, YARD_TYPE, YARD_USAGE, BOTTOM_CENTER_X, BOTTOM_CENTER_Y, BOTTOM_CENTER_Z, LENGTH, WIDTH, HEIGHT, MAX_INGOTS, TO_STOCK_ALLOWED, FROM_STOCK_ALLOWED) VALUES
(1001, 1, 'SAW-01', 0, 11, 'S', 'A', -2500, 36000, 0, 3000, 2000, 0, 1, FALSE, TRUE);

-- ===================================================================
-- Status-Daten für Stockyards (Beispiel-Belegung)
-- ===================================================================
INSERT INTO TD_STOCKYARDSTATUS (ID, SERIAL, STOCKYARD_ID, PRODUCT_ID, INGOTS_COUNT) VALUES
(1, 1, 101, 1, 8),
(2, 1, 102, 1, 8),
(3, 1, 103, 2, 6),
(4, 1, 104, 1, 5),
(5, 1, 105, 3, 3),
(6, 1, 106, 1, 7),
(7, 1, 201, 2, 4),
(8, 1, 202, 1, 2),
(9, 1, 203, 4, 6),
(10, 1, 301, 1, 1),
(11, 1, 302, 5, 3),
(12, 1, 303, 1, 5),
(13, 1, 401, 2, 2),
(14, 1, 402, 1, 4),
(15, 1, 501, 3, 7),
(16, 1, 502, 1, 3),
(17, 1, 601, 1, 6),
(18, 1, 602, 4, 2),
(19, 1, 616, 1, 4),
(20, 1, 617, 2, 3);

-- PlsStatus (Säge-Status) - nur 1 Eintrag
INSERT INTO TD_PLSSTATUS (ID, SERIAL, PICKUP_MODE, PICKUP_IN_PROGRESS, ROTATE) VALUES
(1, 1, 'NO_PICKUP', FALSE, FALSE);

-- ===================================================================
-- Transport-Aufträge (alle als COMPLETED damit neue Einlagerungen von der Säge sofort verarbeitet werden)
-- ===================================================================
INSERT INTO TD_TRANSPORTORDER (ID, SERIAL, TABLESERIAL, TRANSPORT_NO, NORMTEXT, FROM_YARD_ID, TO_YARD_ID, STATUS, PRIORITY) VALUES
(1, 1, 1, 'TA-2024-0001', 'Umlagerung L01-10 nach L01-09', 101, 201, 'C', 5),
(2, 1, 2, 'TA-2024-0002', 'Umlagerung L02-10 nach L02-09', 102, 202, 'C', 3),
(3, 1, 3, 'TA-2024-0003', 'Umlagerung L03-10 nach L03-09', 103, 203, 'C', 1),
(4, 1, 4, 'TA-2024-0004', 'Verladung L01-05 nach V01-05', 601, 616, 'C', 0),
(5, 1, 5, 'TA-2024-0005', 'Verladung L02-05 nach V02-05', 602, 617, 'F', 0);
